{
    "rewards": {
        "mean": 866.6182472788903,
        "std": 50.617862235005674,
        "min": 818.8393422021513,
        "max": 987.0115051162041
    },
    "episode_lengths": {
        "mean": 1000.0,
        "std": 0.0,
        "min": 1000.0,
        "max": 1000.0
    },
    "success_rate": 0.0,
    "total_episodes": 50,
    "attack_method": "advpolicy",
    "attack_eps": "same",
    "deterministic": true
}