{
    "rewards": {
        "mean": -286.40144649696794,
        "std": 1.3203391480167306,
        "min": -288.82133982458515,
        "max": -282.7578205377907
    },
    "episode_lengths": {
        "mean": 1000.0,
        "std": 0.0,
        "min": 1000.0,
        "max": 1000.0
    },
    "success_rate": 0.0,
    "total_episodes": 50,
    "attack_method": "advpolicy",
    "attack_eps": "same",
    "deterministic": true
}