{
    "rewards": {
        "mean": 896.3820295154951,
        "std": 7.2414461533019425,
        "min": 882.9835915223805,
        "max": 918.4573012613616
    },
    "episode_lengths": {
        "mean": 1000.0,
        "std": 0.0,
        "min": 1000.0,
        "max": 1000.0
    },
    "success_rate": 0.0,
    "total_episodes": 50,
    "attack_method": "advpolicy",
    "attack_eps": "same",
    "deterministic": true
}