{
    "rewards": {
        "mean": 1736.8353296319374,
        "std": 53.43570785237877,
        "min": 1481.4277392562858,
        "max": 1805.8514680326434
    },
    "episode_lengths": {
        "mean": 1000.0,
        "std": 0.0,
        "min": 1000.0,
        "max": 1000.0
    },
    "success_rate": 0.0,
    "total_episodes": 50,
    "attack_method": "advpolicy",
    "attack_eps": "same",
    "deterministic": true
}