{
    "rewards": {
        "mean": -47.08157476713291,
        "std": 0.8949710744683042,
        "min": -48.77063353090341,
        "max": -44.37426884397436
    },
    "episode_lengths": {
        "mean": 1000.0,
        "std": 0.0,
        "min": 1000.0,
        "max": 1000.0
    },
    "success_rate": 0.0,
    "total_episodes": 50,
    "attack_method": "advpolicy",
    "attack_eps": "same",
    "deterministic": true
}