{
    "rewards": {
        "mean": 2617.051198913522,
        "std": 57.165063441975256,
        "min": 2465.455468686656,
        "max": 2708.961023540137
    },
    "episode_lengths": {
        "mean": 1000.0,
        "std": 0.0,
        "min": 1000.0,
        "max": 1000.0
    },
    "success_rate": 0.0,
    "total_episodes": 50,
    "attack_method": "advpolicy",
    "attack_eps": "same",
    "deterministic": true
}