{
    "rewards": {
        "mean": -47.16625361330702,
        "std": 1.0294976521363075,
        "min": -50.458158924785856,
        "max": -44.809604725397385
    },
    "episode_lengths": {
        "mean": 1000.0,
        "std": 0.0,
        "min": 1000.0,
        "max": 1000.0
    },
    "success_rate": 0.0,
    "total_episodes": 50,
    "attack_method": "advpolicy",
    "attack_eps": "same",
    "deterministic": true
}