{
    "rewards": {
        "mean": 1590.261964095398,
        "std": 353.50083148519894,
        "min": -116.30796986325959,
        "max": 1755.8765276392444
    },
    "episode_lengths": {
        "mean": 1000.0,
        "std": 0.0,
        "min": 1000.0,
        "max": 1000.0
    },
    "success_rate": 0.0,
    "total_episodes": 50,
    "attack_method": "advpolicy",
    "attack_eps": "same",
    "deterministic": true
}