{
    "rewards": {
        "mean": 1178.290887184895,
        "std": 207.3881067927827,
        "min": 961.1202461231878,
        "max": 1395.7074334228041
    },
    "episode_lengths": {
        "mean": 1000.0,
        "std": 0.0,
        "min": 1000.0,
        "max": 1000.0
    },
    "success_rate": 0.0,
    "total_episodes": 50,
    "attack_method": "advpolicy",
    "attack_eps": "same",
    "deterministic": true
}