{
    "rewards": {
        "mean": 910.7595719861663,
        "std": 5.002360858261677,
        "min": 898.4544226043865,
        "max": 921.6856155643933
    },
    "episode_lengths": {
        "mean": 1000.0,
        "std": 0.0,
        "min": 1000.0,
        "max": 1000.0
    },
    "success_rate": 0.0,
    "total_episodes": 50,
    "attack_method": "advpolicy",
    "attack_eps": "same",
    "deterministic": true
}