{
    "rewards": {
        "mean": 1481.954544444318,
        "std": 21.999072895005256,
        "min": 1431.1674303604307,
        "max": 1532.6037336242082
    },
    "episode_lengths": {
        "mean": 1000.0,
        "std": 0.0,
        "min": 1000.0,
        "max": 1000.0
    },
    "success_rate": 0.0,
    "total_episodes": 50,
    "attack_method": "advpolicy",
    "attack_eps": "same",
    "deterministic": true
}