{
    "rewards": {
        "mean": 1742.5455445197576,
        "std": 43.43604652051612,
        "min": 1595.7169093110028,
        "max": 1819.3803197858394
    },
    "episode_lengths": {
        "mean": 1000.0,
        "std": 0.0,
        "min": 1000.0,
        "max": 1000.0
    },
    "success_rate": 0.0,
    "total_episodes": 50,
    "attack_method": "advpolicy",
    "attack_eps": "same",
    "deterministic": true
}