{
    "rewards": {
        "mean": -285.99654744814217,
        "std": 1.2574981642670577,
        "min": -288.4051934750285,
        "max": -283.4678537538566
    },
    "episode_lengths": {
        "mean": 1000.0,
        "std": 0.0,
        "min": 1000.0,
        "max": 1000.0
    },
    "success_rate": 0.0,
    "total_episodes": 50,
    "attack_method": "advpolicy",
    "attack_eps": "same",
    "deterministic": true
}