{
    "rewards": {
        "mean": -47.065247270320626,
        "std": 0.8101987110754326,
        "min": -49.190217434465524,
        "max": -44.771839971442034
    },
    "episode_lengths": {
        "mean": 1000.0,
        "std": 0.0,
        "min": 1000.0,
        "max": 1000.0
    },
    "success_rate": 0.0,
    "total_episodes": 50,
    "attack_method": "advpolicy",
    "attack_eps": "same",
    "deterministic": true
}