{
    "rewards": {
        "mean": 1300.4242490719412,
        "std": 580.1816228905252,
        "min": -138.32060624729854,
        "max": 1629.8351498363957
    },
    "episode_lengths": {
        "mean": 1000.0,
        "std": 0.0,
        "min": 1000.0,
        "max": 1000.0
    },
    "success_rate": 0.0,
    "total_episodes": 50,
    "attack_method": "advpolicy",
    "attack_eps": "same",
    "deterministic": true
}