{
    "rewards": {
        "mean": 1582.923663846725,
        "std": 87.65044095451995,
        "min": 1266.0597345763456,
        "max": 1678.0565316812167
    },
    "episode_lengths": {
        "mean": 1000.0,
        "std": 0.0,
        "min": 1000.0,
        "max": 1000.0
    },
    "success_rate": 0.0,
    "total_episodes": 50,
    "attack_method": "advpolicy",
    "attack_eps": "same",
    "deterministic": true
}