{
    "rewards": {
        "mean": 1654.301296335454,
        "std": 26.493084780315446,
        "min": 1595.4536771062492,
        "max": 1711.7372399133012
    },
    "episode_lengths": {
        "mean": 1000.0,
        "std": 0.0,
        "min": 1000.0,
        "max": 1000.0
    },
    "success_rate": 0.0,
    "total_episodes": 50,
    "attack_method": "advpolicy",
    "attack_eps": "same",
    "deterministic": true
}