{
    "rewards": {
        "mean": 3596.8261468337923,
        "std": 765.5018366716181,
        "min": 267.6875903210192,
        "max": 4063.7459215746476
    },
    "episode_lengths": {
        "mean": 962.1,
        "std": 159.03537342365058,
        "min": 102.0,
        "max": 1000.0
    },
    "success_rate": 0.0,
    "total_episodes": 50,
    "attack_method": "advpolicy",
    "attack_eps": "same",
    "deterministic": true
}