{
    "rewards": {
        "mean": -47.119214195140714,
        "std": 0.9630163024279668,
        "min": -48.948238393604285,
        "max": -44.52609128732414
    },
    "episode_lengths": {
        "mean": 1000.0,
        "std": 0.0,
        "min": 1000.0,
        "max": 1000.0
    },
    "success_rate": 0.0,
    "total_episodes": 50,
    "attack_method": "advpolicy",
    "attack_eps": "same",
    "deterministic": true
}