{
    "rewards": {
        "mean": 2439.7468436127015,
        "std": 68.97019425521209,
        "min": 2247.5425582800813,
        "max": 2556.1236307133445
    },
    "episode_lengths": {
        "mean": 1000.0,
        "std": 0.0,
        "min": 1000.0,
        "max": 1000.0
    },
    "success_rate": 0.0,
    "total_episodes": 50,
    "attack_method": "advpolicy",
    "attack_eps": "same",
    "deterministic": true
}