{
    "rewards": {
        "mean": -286.39678697986676,
        "std": 1.3201207473807433,
        "min": -290.0925585839761,
        "max": -284.0869146975416
    },
    "episode_lengths": {
        "mean": 1000.0,
        "std": 0.0,
        "min": 1000.0,
        "max": 1000.0
    },
    "success_rate": 0.0,
    "total_episodes": 50,
    "attack_method": "advpolicy",
    "attack_eps": "same",
    "deterministic": true
}