{
    "rewards": {
        "mean": -286.10825767287093,
        "std": 1.1973597548713206,
        "min": -289.25052828730105,
        "max": -284.0091985761905
    },
    "episode_lengths": {
        "mean": 1000.0,
        "std": 0.0,
        "min": 1000.0,
        "max": 1000.0
    },
    "success_rate": 0.0,
    "total_episodes": 50,
    "attack_method": "advpolicy",
    "attack_eps": "same",
    "deterministic": true
}