{
    "rewards": {
        "mean": 1314.7097464990234,
        "std": 153.79001303153834,
        "min": 950.8052984058933,
        "max": 1398.3196833312572
    },
    "episode_lengths": {
        "mean": 1000.0,
        "std": 0.0,
        "min": 1000.0,
        "max": 1000.0
    },
    "success_rate": 0.0,
    "total_episodes": 50,
    "attack_method": "advpolicy",
    "attack_eps": "same",
    "deterministic": true
}