{
    "rewards": {
        "mean": 3007.7965351880175,
        "std": 47.66884670751658,
        "min": 2863.7003748896814,
        "max": 3097.443409572801
    },
    "episode_lengths": {
        "mean": 1000.0,
        "std": 0.0,
        "min": 1000.0,
        "max": 1000.0
    },
    "success_rate": 0.0,
    "total_episodes": 50,
    "attack_method": "advpolicy",
    "attack_eps": "same",
    "deterministic": true
}