{
    "rewards": {
        "mean": 1511.1808347280635,
        "std": 29.53075924836194,
        "min": 1442.9184436126502,
        "max": 1562.9625052929218
    },
    "episode_lengths": {
        "mean": 1000.0,
        "std": 0.0,
        "min": 1000.0,
        "max": 1000.0
    },
    "success_rate": 0.0,
    "total_episodes": 50,
    "attack_method": "advpolicy",
    "attack_eps": "same",
    "deterministic": true
}