{
    "rewards": {
        "mean": 969.6060635615265,
        "std": 52.56089269505244,
        "min": 892.8004868986174,
        "max": 1037.6394470526486
    },
    "episode_lengths": {
        "mean": 1000.0,
        "std": 0.0,
        "min": 1000.0,
        "max": 1000.0
    },
    "success_rate": 0.0,
    "total_episodes": 50,
    "attack_method": "advpolicy",
    "attack_eps": "same",
    "deterministic": true
}