{
    "rewards": {
        "mean": 1024.030553261258,
        "std": 7.520749351926521,
        "min": 992.2691428581466,
        "max": 1038.8905797550492
    },
    "episode_lengths": {
        "mean": 1000.0,
        "std": 0.0,
        "min": 1000.0,
        "max": 1000.0
    },
    "success_rate": 0.0,
    "total_episodes": 50,
    "attack_method": "advpolicy",
    "attack_eps": "same",
    "deterministic": true
}