{
    "rewards": {
        "mean": -47.14155135097434,
        "std": 1.0133212487731706,
        "min": -49.489708512974964,
        "max": -44.77813951439054
    },
    "episode_lengths": {
        "mean": 1000.0,
        "std": 0.0,
        "min": 1000.0,
        "max": 1000.0
    },
    "success_rate": 0.0,
    "total_episodes": 50,
    "attack_method": "advpolicy",
    "attack_eps": "same",
    "deterministic": true
}