{
    "rewards": {
        "mean": 2397.658254500588,
        "std": 79.65905742219087,
        "min": 2141.449833880454,
        "max": 2549.62332036056
    },
    "episode_lengths": {
        "mean": 1000.0,
        "std": 0.0,
        "min": 1000.0,
        "max": 1000.0
    },
    "success_rate": 0.0,
    "total_episodes": 50,
    "attack_method": "advpolicy",
    "attack_eps": "same",
    "deterministic": true
}