{
    "rewards": {
        "mean": 1574.1645785524838,
        "std": 32.11300109645952,
        "min": 1472.6681326718005,
        "max": 1633.9896591023814
    },
    "episode_lengths": {
        "mean": 1000.0,
        "std": 0.0,
        "min": 1000.0,
        "max": 1000.0
    },
    "success_rate": 0.0,
    "total_episodes": 50,
    "attack_method": "advpolicy",
    "attack_eps": "same",
    "deterministic": true
}