{
    "rewards": {
        "mean": 1696.70242819421,
        "std": 48.549529900443154,
        "min": 1484.5616303359063,
        "max": 1770.1030215967019
    },
    "episode_lengths": {
        "mean": 1000.0,
        "std": 0.0,
        "min": 1000.0,
        "max": 1000.0
    },
    "success_rate": 0.0,
    "total_episodes": 50,
    "attack_method": "advpolicy",
    "attack_eps": "same",
    "deterministic": true
}