{
    "rewards": {
        "mean": 2905.6941412415053,
        "std": 908.0481009296337,
        "min": 708.6513912581099,
        "max": 3654.8748805893124
    },
    "episode_lengths": {
        "mean": 932.86,
        "std": 192.049161414467,
        "min": 231.0,
        "max": 1000.0
    },
    "success_rate": 0.0,
    "total_episodes": 50,
    "attack_method": "advpolicy",
    "attack_eps": "same",
    "deterministic": true
}