{
    "rewards": {
        "mean": 2937.412433088227,
        "std": 51.1816170595768,
        "min": 2813.999351725296,
        "max": 3060.757223356351
    },
    "episode_lengths": {
        "mean": 1000.0,
        "std": 0.0,
        "min": 1000.0,
        "max": 1000.0
    },
    "success_rate": 0.0,
    "total_episodes": 50,
    "attack_method": "advpolicy",
    "attack_eps": "same",
    "deterministic": true
}