{
    "rewards": {
        "mean": -285.59753053298823,
        "std": 1.4346489514313023,
        "min": -289.74055310277697,
        "max": -280.6801766067783
    },
    "episode_lengths": {
        "mean": 1000.0,
        "std": 0.0,
        "min": 1000.0,
        "max": 1000.0
    },
    "success_rate": 0.0,
    "total_episodes": 50,
    "attack_method": "advpolicy",
    "attack_eps": "same",
    "deterministic": true
}