{
    "rewards": {
        "mean": 1618.4260358884371,
        "std": 360.94685050463545,
        "min": -145.09362790424328,
        "max": 1767.8471650563201
    },
    "episode_lengths": {
        "mean": 1000.0,
        "std": 0.0,
        "min": 1000.0,
        "max": 1000.0
    },
    "success_rate": 0.0,
    "total_episodes": 50,
    "attack_method": "advpolicy",
    "attack_eps": "same",
    "deterministic": true
}