{
    "rewards": {
        "mean": -286.3849224643055,
        "std": 1.4719806584078763,
        "min": -290.07129299484194,
        "max": -282.1598131586544
    },
    "episode_lengths": {
        "mean": 1000.0,
        "std": 0.0,
        "min": 1000.0,
        "max": 1000.0
    },
    "success_rate": 0.0,
    "total_episodes": 50,
    "attack_method": "advpolicy",
    "attack_eps": "same",
    "deterministic": true
}