{
    "rewards": {
        "mean": 3042.335628009073,
        "std": 429.8085913107227,
        "min": 1292.510541451601,
        "max": 3390.711677716823
    },
    "episode_lengths": {
        "mean": 979.36,
        "std": 93.93929103415672,
        "min": 429.0,
        "max": 1000.0
    },
    "success_rate": 0.0,
    "total_episodes": 50,
    "attack_method": "advpolicy",
    "attack_eps": "same",
    "deterministic": true
}