{
    "rewards": {
        "mean": 1750.7097967276618,
        "std": 60.3008227587847,
        "min": 1531.1659177020397,
        "max": 1852.8072162485425
    },
    "episode_lengths": {
        "mean": 1000.0,
        "std": 0.0,
        "min": 1000.0,
        "max": 1000.0
    },
    "success_rate": 0.0,
    "total_episodes": 50,
    "attack_method": "advpolicy",
    "attack_eps": "same",
    "deterministic": true
}