{
    "rewards": {
        "mean": 2973.7857155507504,
        "std": 66.73615152981321,
        "min": 2830.655637133319,
        "max": 3132.6463866072745
    },
    "episode_lengths": {
        "mean": 1000.0,
        "std": 0.0,
        "min": 1000.0,
        "max": 1000.0
    },
    "success_rate": 0.0,
    "total_episodes": 50,
    "attack_method": "advpolicy",
    "attack_eps": "same",
    "deterministic": true
}