{
    "rewards": {
        "mean": 1004.2705286146847,
        "std": 9.806558704697554,
        "min": 970.2434141308471,
        "max": 1020.4642067903707
    },
    "episode_lengths": {
        "mean": 1000.0,
        "std": 0.0,
        "min": 1000.0,
        "max": 1000.0
    },
    "success_rate": 0.0,
    "total_episodes": 50,
    "attack_method": "advpolicy",
    "attack_eps": "same",
    "deterministic": true
}