{
    "rewards": {
        "mean": 1680.998495298029,
        "std": 28.604974246724037,
        "min": 1597.0592899607861,
        "max": 1742.3927802322946
    },
    "episode_lengths": {
        "mean": 1000.0,
        "std": 0.0,
        "min": 1000.0,
        "max": 1000.0
    },
    "success_rate": 0.0,
    "total_episodes": 50,
    "attack_method": "advpolicy",
    "attack_eps": "same",
    "deterministic": true
}