{
    "rewards": {
        "mean": 1736.3222022880761,
        "std": 29.743519641548154,
        "min": 1656.9357214744884,
        "max": 1786.9686284056575
    },
    "episode_lengths": {
        "mean": 1000.0,
        "std": 0.0,
        "min": 1000.0,
        "max": 1000.0
    },
    "success_rate": 0.0,
    "total_episodes": 50,
    "attack_method": "advpolicy",
    "attack_eps": "same",
    "deterministic": true
}