{
    "rewards": {
        "mean": -286.2402076070671,
        "std": 1.2229250590651402,
        "min": -288.8560552405992,
        "max": -283.92430697488726
    },
    "episode_lengths": {
        "mean": 1000.0,
        "std": 0.0,
        "min": 1000.0,
        "max": 1000.0
    },
    "success_rate": 0.0,
    "total_episodes": 50,
    "attack_method": "advpolicy",
    "attack_eps": "same",
    "deterministic": true
}