{
    "rewards": {
        "mean": 1149.8746064796558,
        "std": 98.03910840856462,
        "min": 921.6290321551221,
        "max": 1244.7732655115901
    },
    "episode_lengths": {
        "mean": 1000.0,
        "std": 0.0,
        "min": 1000.0,
        "max": 1000.0
    },
    "success_rate": 0.0,
    "total_episodes": 50,
    "attack_method": "advpolicy",
    "attack_eps": "same",
    "deterministic": true
}