{
    "rewards": {
        "mean": 1023.9365500640711,
        "std": 34.09014064246111,
        "min": 989.1169616396868,
        "max": 1142.9546339490935
    },
    "episode_lengths": {
        "mean": 1000.0,
        "std": 0.0,
        "min": 1000.0,
        "max": 1000.0
    },
    "success_rate": 0.0,
    "total_episodes": 50,
    "attack_method": "advpolicy",
    "attack_eps": "same",
    "deterministic": true
}