{
    "rewards": {
        "mean": 1000.299522548391,
        "std": 11.736457829858546,
        "min": 980.7330629415844,
        "max": 1025.3269478518325
    },
    "episode_lengths": {
        "mean": 1000.0,
        "std": 0.0,
        "min": 1000.0,
        "max": 1000.0
    },
    "success_rate": 0.0,
    "total_episodes": 50,
    "attack_method": "advpolicy",
    "attack_eps": "same",
    "deterministic": true
}