{
    "rewards": {
        "mean": 1692.5797330847072,
        "std": 30.011654070652664,
        "min": 1617.426901268832,
        "max": 1748.1109876942312
    },
    "episode_lengths": {
        "mean": 1000.0,
        "std": 0.0,
        "min": 1000.0,
        "max": 1000.0
    },
    "success_rate": 0.0,
    "total_episodes": 50,
    "attack_method": "advpolicy",
    "attack_eps": "same",
    "deterministic": true
}