{
    "rewards": {
        "mean": 2702.3896030242568,
        "std": 47.73967701001277,
        "min": 2612.3668316175617,
        "max": 2792.214600018022
    },
    "episode_lengths": {
        "mean": 1000.0,
        "std": 0.0,
        "min": 1000.0,
        "max": 1000.0
    },
    "success_rate": 0.0,
    "total_episodes": 50,
    "attack_method": "advpolicy",
    "attack_eps": "same",
    "deterministic": true
}