{
    "rewards": {
        "mean": 3058.9334059924995,
        "std": 336.1985590588746,
        "min": 1491.2813955340105,
        "max": 3337.7710904677188
    },
    "episode_lengths": {
        "mean": 998.5,
        "std": 10.5,
        "min": 925.0,
        "max": 1000.0
    },
    "success_rate": 0.0,
    "total_episodes": 50,
    "attack_method": "advpolicy",
    "attack_eps": "same",
    "deterministic": true
}