{
    "rewards": {
        "mean": 991.7261147490327,
        "std": 10.408166964889917,
        "min": 977.8420010085193,
        "max": 1019.3321033703447
    },
    "episode_lengths": {
        "mean": 1000.0,
        "std": 0.0,
        "min": 1000.0,
        "max": 1000.0
    },
    "success_rate": 0.0,
    "total_episodes": 50,
    "attack_method": "advpolicy",
    "attack_eps": "same",
    "deterministic": true
}