{
    "rewards": {
        "mean": 1255.9299027235652,
        "std": 605.614949287707,
        "min": -144.12331862957416,
        "max": 1629.2237356815779
    },
    "episode_lengths": {
        "mean": 1000.0,
        "std": 0.0,
        "min": 1000.0,
        "max": 1000.0
    },
    "success_rate": 0.0,
    "total_episodes": 50,
    "attack_method": "advpolicy",
    "attack_eps": "same",
    "deterministic": true
}