{
    "rewards": {
        "mean": 1403.4878046915549,
        "std": 585.7987939422137,
        "min": -188.54738169614745,
        "max": 1687.5285883292609
    },
    "episode_lengths": {
        "mean": 1000.0,
        "std": 0.0,
        "min": 1000.0,
        "max": 1000.0
    },
    "success_rate": 0.0,
    "total_episodes": 50,
    "attack_method": "advpolicy",
    "attack_eps": "same",
    "deterministic": true
}