{
    "rewards": {
        "mean": 973.5403462151451,
        "std": 4.257024383884685,
        "min": 963.1514618144727,
        "max": 982.0085167054675
    },
    "episode_lengths": {
        "mean": 1000.0,
        "std": 0.0,
        "min": 1000.0,
        "max": 1000.0
    },
    "success_rate": 0.0,
    "total_episodes": 50,
    "attack_method": "advpolicy",
    "attack_eps": "same",
    "deterministic": true
}