{
    "rewards": {
        "mean": 2372.2899657170415,
        "std": 107.73942642230342,
        "min": 1918.8756047877878,
        "max": 2507.8883650977773
    },
    "episode_lengths": {
        "mean": 1000.0,
        "std": 0.0,
        "min": 1000.0,
        "max": 1000.0
    },
    "success_rate": 0.0,
    "total_episodes": 50,
    "attack_method": "advpolicy",
    "attack_eps": "same",
    "deterministic": true
}