{
    "rewards": {
        "mean": -47.268871627151285,
        "std": 0.8285445559091245,
        "min": -48.88351786274238,
        "max": -44.533326856897496
    },
    "episode_lengths": {
        "mean": 1000.0,
        "std": 0.0,
        "min": 1000.0,
        "max": 1000.0
    },
    "success_rate": 0.0,
    "total_episodes": 50,
    "attack_method": "advpolicy",
    "attack_eps": "same",
    "deterministic": true
}