{
    "rewards": {
        "mean": -47.11613080367124,
        "std": 0.820468637990343,
        "min": -48.90239308546715,
        "max": -43.375006991621795
    },
    "episode_lengths": {
        "mean": 1000.0,
        "std": 0.0,
        "min": 1000.0,
        "max": 1000.0
    },
    "success_rate": 0.0,
    "total_episodes": 50,
    "attack_method": "advpolicy",
    "attack_eps": "same",
    "deterministic": true
}